{
    "model": {
        "type": "minecraft:range_dispatch",
        "property": "minecraft:custom_model_data",
        "entries": [
            {
                "threshold": 1,
                "model": {
                    "type": "minecraft:model",
                    "model": "item/test_sword_blue"
                }
            },
            {
                "threshold": 2,
                "model": {
                    "type": "minecraft:model",
                    "model": "item/duck"
                }
            },
            {
                "threshold": 3,
                "model": {
                    "type": "minecraft:model",
                    "model": "item/duck"
                }
            },
            {
                "threshold": 4,
                "model": {
                    "type": "minecraft:model",
                    "model": "item/duck"
                }
            },
            {
                "threshold": 5,
                "model": {
                    "type": "minecraft:model",
                    "model": "item/duck"
                }
            },
            {
                "threshold": 6,
                "model": {
                    "type": "minecraft:model",
                    "model": "item/duck"
                }
            }
        ],
        "fallback": {
            "type": "minecraft:model",
            "model": "minecraft:item/iron_sword"
        }
    }
}