{
    "format_version": "1.21.11",
    "credit": "Script written by Skywalkered",
    "textures": {
        "0": "minecraft:item/painting3",
        "particle": "minecraft:item/painting3"
    },
    "elements": [
        {
            "from": [
                0,
                0,
                8
            ],
            "to": [
                16,
                16,
                8
            ],
            "rotation": {
                "angle": 0,
                "axis": "y",
                "origin": [
                    0,
                    0,
                    6
                ]
            },
            "faces": {
                "north": {
                    "uv": [
                        0,
                        0,
                        16,
                        16
                    ],
                    "texture": "#0"
                },
                "south": {
                    "uv": [
                        0,
                        16,
                        16,
                        32
                    ],
                    "texture": "#0"
                }
            }
        }
    ],
    "display": {
        "fixed": {
            "translation": [
                0,
                0,
                -0.1
            ],
            "scale": [
                2,
                2,
                1
            ]
        }
    }
}