{
	"credit": "Made with Blockbench",
	"textures": {
		"0": "item/fambuck",
		"particle": "item/fambuck"
	},
	"elements": [
		{
			"name": "fambuck_0",
			"from": [6, 2, 0],
			"to": [10, 15, 1],
			"faces": {
				"north": {"uv": [10, 1, 6, 14], "texture": "#0"},
				"east": {"uv": [9, 1, 10, 14], "texture": "#0"},
				"south": {"uv": [6, 1, 10, 14], "texture": "#0"},
				"west": {"uv": [6, 1, 7, 14], "texture": "#0"},
				"up": {"uv": [6, 1, 10, 2], "texture": "#0"},
				"down": {"uv": [6, 13, 10, 14], "texture": "#0"}
			}
		},
		{
			"name": "fambuck_1",
			"from": [4, 3, 0],
			"to": [6, 14, 1],
			"faces": {
				"north": {"uv": [6, 2, 4, 13], "texture": "#0"},
				"east": {"uv": [5, 2, 6, 13], "texture": "#0"},
				"south": {"uv": [4, 2, 6, 13], "texture": "#0"},
				"west": {"uv": [4, 2, 5, 13], "texture": "#0"},
				"up": {"uv": [4, 2, 6, 3], "texture": "#0"},
				"down": {"uv": [4, 12, 6, 13], "texture": "#0"}
			}
		},
		{
			"name": "fambuck_2",
			"from": [10, 3, 0],
			"to": [12, 14, 1],
			"faces": {
				"north": {"uv": [12, 2, 10, 13], "texture": "#0"},
				"east": {"uv": [11, 2, 12, 13], "texture": "#0"},
				"south": {"uv": [10, 2, 12, 13], "texture": "#0"},
				"west": {"uv": [10, 2, 11, 13], "texture": "#0"},
				"up": {"uv": [10, 2, 12, 3], "texture": "#0"},
				"down": {"uv": [10, 12, 12, 13], "texture": "#0"}
			}
		},
		{
			"name": "fambuck_3",
			"from": [3, 4, 0],
			"to": [4, 13, 1],
			"faces": {
				"north": {"uv": [4, 3, 3, 12], "texture": "#0"},
				"east": {"uv": [3, 3, 4, 12], "texture": "#0"},
				"south": {"uv": [3, 3, 4, 12], "texture": "#0"},
				"west": {"uv": [3, 3, 4, 12], "texture": "#0"},
				"up": {"uv": [3, 3, 4, 4], "texture": "#0"},
				"down": {"uv": [3, 11, 4, 12], "texture": "#0"}
			}
		},
		{
			"name": "fambuck_4",
			"from": [12, 4, 0],
			"to": [13, 13, 1],
			"faces": {
				"north": {"uv": [13, 3, 12, 12], "texture": "#0"},
				"east": {"uv": [12, 3, 13, 12], "texture": "#0"},
				"south": {"uv": [12, 3, 13, 12], "texture": "#0"},
				"west": {"uv": [12, 3, 13, 12], "texture": "#0"},
				"up": {"uv": [12, 3, 13, 4], "texture": "#0"},
				"down": {"uv": [12, 11, 13, 12], "texture": "#0"}
			}
		},
		{
			"name": "fambuck_5",
			"from": [2, 5, 0],
			"to": [3, 12, 1],
			"faces": {
				"north": {"uv": [3, 4, 2, 11], "texture": "#0"},
				"east": {"uv": [2, 4, 3, 11], "texture": "#0"},
				"south": {"uv": [2, 4, 3, 11], "texture": "#0"},
				"west": {"uv": [2, 4, 3, 11], "texture": "#0"},
				"up": {"uv": [2, 4, 3, 5], "texture": "#0"},
				"down": {"uv": [2, 10, 3, 11], "texture": "#0"}
			}
		},
		{
			"name": "fambuck_6",
			"from": [13, 5, 0],
			"to": [14, 12, 1],
			"faces": {
				"north": {"uv": [14, 4, 13, 11], "texture": "#0"},
				"east": {"uv": [13, 4, 14, 11], "texture": "#0"},
				"south": {"uv": [13, 4, 14, 11], "texture": "#0"},
				"west": {"uv": [13, 4, 14, 11], "texture": "#0"},
				"up": {"uv": [13, 4, 14, 5], "texture": "#0"},
				"down": {"uv": [13, 10, 14, 11], "texture": "#0"}
			}
		}
	],
	"gui_light": "front",
	"display": {
		"thirdperson_righthand": {
			"rotation": [0, 144, 0],
			"translation": [1.75, 1.25, -1.25],
			"scale": [0.3, 0.3, 0.4]
		},
		"thirdperson_lefthand": {
			"rotation": [0, 144, 0],
			"translation": [1.75, 1.25, -1.25],
			"scale": [0.3, 0.3, 0.4]
		},
		"firstperson_righthand": {
			"translation": [8.75, -2, 1.25]
		},
		"firstperson_lefthand": {
			"translation": [8.75, -2, 1.25]
		},
		"ground": {
			"translation": [0, 2, 4.75],
			"scale": [0.6, 0.6, 0.6]
		},
		"head": {
			"rotation": [0, -180, 0],
			"translation": [0, 13, -7.5]
		},
		"fixed": {
			"rotation": [0, -180, 0],
			"translation": [0, 0, -7]
		}
	},
	"groups": [
		{
			"name": "fambuck",
			"origin": [8, 8, 8],
			"color": 0,
			"children": [0, 1, 2, 3, 4, 5, 6]
		}
	]
}
