{
	"credit": "Made with Blockbench",
	"parent": "netherite_sword",
	"textures": {
		"1": "item/ron",
		"particle": "item/ron"
	},
	"elements": [
		{
			"name": "ron_0",
			"from": [3.5, 2.5, 0],
			"to": [7, 14.5, 0.5],
			"faces": {
				"north": {"uv": [7, 1.5, 3.5, 13.5], "texture": "#1"},
				"east": {"uv": [6.5, 1.5, 7, 13.5], "texture": "#1"},
				"south": {"uv": [3.5, 1.5, 7, 13.5], "texture": "#1"},
				"west": {"uv": [3.5, 1.5, 4, 13.5], "texture": "#1"},
				"up": {"uv": [3.5, 1.5, 7, 2], "texture": "#1"},
				"down": {"uv": [3.5, 13, 7, 13.5], "texture": "#1"}
			}
		},
		{
			"name": "ron_1",
			"from": [3, 3, 0],
			"to": [3.5, 14, 0.5],
			"faces": {
				"north": {"uv": [3.5, 2, 3, 13], "texture": "#1"},
				"east": {"uv": [3, 2, 3.5, 13], "texture": "#1"},
				"south": {"uv": [3, 2, 3.5, 13], "texture": "#1"},
				"west": {"uv": [3, 2, 3.5, 13], "texture": "#1"},
				"up": {"uv": [3, 2, 3.5, 2.5], "texture": "#1"},
				"down": {"uv": [3, 12.5, 3.5, 13], "texture": "#1"}
			}
		},
		{
			"name": "ron_2",
			"from": [7, 2.5, 0],
			"to": [7.5, 14, 0.5],
			"faces": {
				"north": {"uv": [7.5, 2, 7, 13.5], "texture": "#1"},
				"east": {"uv": [7, 2, 7.5, 13.5], "texture": "#1"},
				"south": {"uv": [7, 2, 7.5, 13.5], "texture": "#1"},
				"west": {"uv": [7, 2, 7.5, 13.5], "texture": "#1"},
				"up": {"uv": [7, 2, 7.5, 2.5], "texture": "#1"},
				"down": {"uv": [7, 13, 7.5, 13.5], "texture": "#1"}
			}
		},
		{
			"name": "ron_3",
			"from": [2.5, 3, 0],
			"to": [3, 13.5, 0.5],
			"faces": {
				"north": {"uv": [3, 2.5, 2.5, 13], "texture": "#1"},
				"east": {"uv": [2.5, 2.5, 3, 13], "texture": "#1"},
				"south": {"uv": [2.5, 2.5, 3, 13], "texture": "#1"},
				"west": {"uv": [2.5, 2.5, 3, 13], "texture": "#1"},
				"up": {"uv": [2.5, 2.5, 3, 3], "texture": "#1"},
				"down": {"uv": [2.5, 12.5, 3, 13], "texture": "#1"}
			}
		},
		{
			"name": "ron_4",
			"from": [7.5, 2.5, 0],
			"to": [8, 13.5, 0.5],
			"faces": {
				"north": {"uv": [8, 2.5, 7.5, 13.5], "texture": "#1"},
				"east": {"uv": [7.5, 2.5, 8, 13.5], "texture": "#1"},
				"south": {"uv": [7.5, 2.5, 8, 13.5], "texture": "#1"},
				"west": {"uv": [7.5, 2.5, 8, 13.5], "texture": "#1"},
				"up": {"uv": [7.5, 2.5, 8, 3], "texture": "#1"},
				"down": {"uv": [7.5, 13, 8, 13.5], "texture": "#1"}
			}
		},
		{
			"name": "ron_5",
			"from": [2, 9.5, 0],
			"to": [2.5, 12.5, 0.5],
			"faces": {
				"north": {"uv": [2.5, 3.5, 2, 6.5], "texture": "#1"},
				"east": {"uv": [2, 3.5, 2.5, 6.5], "texture": "#1"},
				"south": {"uv": [2, 3.5, 2.5, 6.5], "texture": "#1"},
				"west": {"uv": [2, 3.5, 2.5, 6.5], "texture": "#1"},
				"up": {"uv": [2, 3.5, 2.5, 4], "texture": "#1"},
				"down": {"uv": [2, 6, 2.5, 6.5], "texture": "#1"}
			}
		},
		{
			"name": "ron_6",
			"from": [8, 2.5, 0],
			"to": [8.5, 12.5, 0.5],
			"faces": {
				"north": {"uv": [8.5, 3.5, 8, 13.5], "texture": "#1"},
				"east": {"uv": [8, 3.5, 8.5, 13.5], "texture": "#1"},
				"south": {"uv": [8, 3.5, 8.5, 13.5], "texture": "#1"},
				"west": {"uv": [8, 3.5, 8.5, 13.5], "texture": "#1"},
				"up": {"uv": [8, 3.5, 8.5, 4], "texture": "#1"},
				"down": {"uv": [8, 13, 8.5, 13.5], "texture": "#1"}
			}
		},
		{
			"name": "ron_7",
			"from": [1.5, 11, 0],
			"to": [2, 11.5, 0.5],
			"faces": {
				"north": {"uv": [2, 4.5, 1.5, 5], "texture": "#1"},
				"east": {"uv": [1.5, 4.5, 2, 5], "texture": "#1"},
				"south": {"uv": [1.5, 4.5, 2, 5], "texture": "#1"},
				"west": {"uv": [1.5, 4.5, 2, 5], "texture": "#1"},
				"up": {"uv": [1.5, 4.5, 2, 5], "texture": "#1"},
				"down": {"uv": [1.5, 4.5, 2, 5], "texture": "#1"}
			}
		},
		{
			"name": "ron_8",
			"from": [8.5, 11, 0],
			"to": [9, 11.5, 0.5],
			"faces": {
				"north": {"uv": [9, 4.5, 8.5, 5], "texture": "#1"},
				"east": {"uv": [8.5, 4.5, 9, 5], "texture": "#1"},
				"south": {"uv": [8.5, 4.5, 9, 5], "texture": "#1"},
				"west": {"uv": [8.5, 4.5, 9, 5], "texture": "#1"},
				"up": {"uv": [8.5, 4.5, 9, 5], "texture": "#1"},
				"down": {"uv": [8.5, 4.5, 9, 5], "texture": "#1"}
			}
		},
		{
			"name": "ron_9",
			"from": [14, 7.5, 0],
			"to": [15, 11, 0.5],
			"faces": {
				"north": {"uv": [15, 5, 14, 8.5], "texture": "#1"},
				"east": {"uv": [14.5, 5, 15, 8.5], "texture": "#1"},
				"south": {"uv": [14, 5, 15, 8.5], "texture": "#1"},
				"west": {"uv": [14, 5, 14.5, 8.5], "texture": "#1"},
				"up": {"uv": [14, 5, 15, 5.5], "texture": "#1"},
				"down": {"uv": [14, 8, 15, 8.5], "texture": "#1"}
			}
		},
		{
			"name": "ron_10",
			"from": [1.5, 10, 0],
			"to": [2, 10.5, 0.5],
			"faces": {
				"north": {"uv": [2, 5.5, 1.5, 6], "texture": "#1"},
				"east": {"uv": [1.5, 5.5, 2, 6], "texture": "#1"},
				"south": {"uv": [1.5, 5.5, 2, 6], "texture": "#1"},
				"west": {"uv": [1.5, 5.5, 2, 6], "texture": "#1"},
				"up": {"uv": [1.5, 5.5, 2, 6], "texture": "#1"},
				"down": {"uv": [1.5, 5.5, 2, 6], "texture": "#1"}
			}
		},
		{
			"name": "ron_11",
			"from": [8.5, 10, 0],
			"to": [9, 10.5, 0.5],
			"faces": {
				"north": {"uv": [9, 5.5, 8.5, 6], "texture": "#1"},
				"east": {"uv": [8.5, 5.5, 9, 6], "texture": "#1"},
				"south": {"uv": [8.5, 5.5, 9, 6], "texture": "#1"},
				"west": {"uv": [8.5, 5.5, 9, 6], "texture": "#1"},
				"up": {"uv": [8.5, 5.5, 9, 6], "texture": "#1"},
				"down": {"uv": [8.5, 5.5, 9, 6], "texture": "#1"}
			}
		},
		{
			"name": "ron_12",
			"from": [13.5, 5, 0],
			"to": [14, 10.5, 0.5],
			"faces": {
				"north": {"uv": [14, 5.5, 13.5, 11], "texture": "#1"},
				"east": {"uv": [13.5, 5.5, 14, 11], "texture": "#1"},
				"south": {"uv": [13.5, 5.5, 14, 11], "texture": "#1"},
				"west": {"uv": [13.5, 5.5, 14, 11], "texture": "#1"},
				"up": {"uv": [13.5, 5.5, 14, 6], "texture": "#1"},
				"down": {"uv": [13.5, 10.5, 14, 11], "texture": "#1"}
			}
		},
		{
			"name": "ron_13",
			"from": [9.5, 4, 0],
			"to": [13.5, 10, 0.5],
			"faces": {
				"north": {"uv": [13.5, 6, 9.5, 12], "texture": "#1"},
				"east": {"uv": [13, 6, 13.5, 12], "texture": "#1"},
				"south": {"uv": [9.5, 6, 13.5, 12], "texture": "#1"},
				"west": {"uv": [9.5, 6, 10, 12], "texture": "#1"},
				"up": {"uv": [9.5, 6, 13.5, 6.5], "texture": "#1"},
				"down": {"uv": [9.5, 11.5, 13.5, 12], "texture": "#1"}
			}
		},
		{
			"name": "ron_14",
			"from": [8.5, 2.5, 0],
			"to": [9.5, 9.5, 0.5],
			"faces": {
				"north": {"uv": [9.5, 6.5, 8.5, 13.5], "texture": "#1"},
				"east": {"uv": [9, 6.5, 9.5, 13.5], "texture": "#1"},
				"south": {"uv": [8.5, 6.5, 9.5, 13.5], "texture": "#1"},
				"west": {"uv": [8.5, 6.5, 9, 13.5], "texture": "#1"},
				"up": {"uv": [8.5, 6.5, 9.5, 7], "texture": "#1"},
				"down": {"uv": [8.5, 13, 9.5, 13.5], "texture": "#1"}
			}
		},
		{
			"name": "ron_15",
			"from": [15, 8.5, 0],
			"to": [15.5, 9.5, 0.5],
			"faces": {
				"north": {"uv": [15.5, 6.5, 15, 7.5], "texture": "#1"},
				"east": {"uv": [15, 6.5, 15.5, 7.5], "texture": "#1"},
				"south": {"uv": [15, 6.5, 15.5, 7.5], "texture": "#1"},
				"west": {"uv": [15, 6.5, 15.5, 7.5], "texture": "#1"},
				"up": {"uv": [15, 6.5, 15.5, 7], "texture": "#1"},
				"down": {"uv": [15, 7, 15.5, 7.5], "texture": "#1"}
			}
		},
		{
			"name": "ron_16",
			"from": [2, 3.5, 0],
			"to": [2.5, 9, 0.5],
			"faces": {
				"north": {"uv": [2.5, 7, 2, 12.5], "texture": "#1"},
				"east": {"uv": [2, 7, 2.5, 12.5], "texture": "#1"},
				"south": {"uv": [2, 7, 2.5, 12.5], "texture": "#1"},
				"west": {"uv": [2, 7, 2.5, 12.5], "texture": "#1"},
				"up": {"uv": [2, 7, 2.5, 7.5], "texture": "#1"},
				"down": {"uv": [2, 12, 2.5, 12.5], "texture": "#1"}
			}
		},
		{
			"name": "ron_17",
			"from": [1.5, 4, 0],
			"to": [2, 8.5, 0.5],
			"faces": {
				"north": {"uv": [2, 7.5, 1.5, 12], "texture": "#1"},
				"east": {"uv": [1.5, 7.5, 2, 12], "texture": "#1"},
				"south": {"uv": [1.5, 7.5, 2, 12], "texture": "#1"},
				"west": {"uv": [1.5, 7.5, 2, 12], "texture": "#1"},
				"up": {"uv": [1.5, 7.5, 2, 8], "texture": "#1"},
				"down": {"uv": [1.5, 11.5, 2, 12], "texture": "#1"}
			}
		},
		{
			"name": "ron_18",
			"from": [1, 5, 0],
			"to": [1.5, 7.5, 0.5],
			"faces": {
				"north": {"uv": [1.5, 8.5, 1, 11], "texture": "#1"},
				"east": {"uv": [1, 8.5, 1.5, 11], "texture": "#1"},
				"south": {"uv": [1, 8.5, 1.5, 11], "texture": "#1"},
				"west": {"uv": [1, 8.5, 1.5, 11], "texture": "#1"},
				"up": {"uv": [1, 8.5, 1.5, 9], "texture": "#1"},
				"down": {"uv": [1, 10.5, 1.5, 11], "texture": "#1"}
			}
		},
		{
			"name": "ron_19",
			"from": [14, 6.5, 0],
			"to": [14.5, 7.5, 0.5],
			"faces": {
				"north": {"uv": [14.5, 8.5, 14, 9.5], "texture": "#1"},
				"east": {"uv": [14, 8.5, 14.5, 9.5], "texture": "#1"},
				"south": {"uv": [14, 8.5, 14.5, 9.5], "texture": "#1"},
				"west": {"uv": [14, 8.5, 14.5, 9.5], "texture": "#1"},
				"up": {"uv": [14, 8.5, 14.5, 9], "texture": "#1"},
				"down": {"uv": [14, 9, 14.5, 9.5], "texture": "#1"}
			}
		},
		{
			"name": "ron_20",
			"from": [9.5, 2.5, 0],
			"to": [11.5, 4, 0.5],
			"faces": {
				"north": {"uv": [11.5, 12, 9.5, 13.5], "texture": "#1"},
				"east": {"uv": [11, 12, 11.5, 13.5], "texture": "#1"},
				"south": {"uv": [9.5, 12, 11.5, 13.5], "texture": "#1"},
				"west": {"uv": [9.5, 12, 10, 13.5], "texture": "#1"},
				"up": {"uv": [9.5, 12, 11.5, 12.5], "texture": "#1"},
				"down": {"uv": [9.5, 13, 11.5, 13.5], "texture": "#1"}
			}
		},
		{
			"name": "ron_21",
			"from": [11.5, 3, 0],
			"to": [12.5, 4, 0.5],
			"faces": {
				"north": {"uv": [12.5, 12, 11.5, 13], "texture": "#1"},
				"east": {"uv": [12, 12, 12.5, 13], "texture": "#1"},
				"south": {"uv": [11.5, 12, 12.5, 13], "texture": "#1"},
				"west": {"uv": [11.5, 12, 12, 13], "texture": "#1"},
				"up": {"uv": [11.5, 12, 12.5, 12.5], "texture": "#1"},
				"down": {"uv": [11.5, 12.5, 12.5, 13], "texture": "#1"}
			}
		},
		{
			"name": "ron_22",
			"from": [12.5, 3.5, 0],
			"to": [13, 4, 0.5],
			"faces": {
				"north": {"uv": [13, 12, 12.5, 12.5], "texture": "#1"},
				"east": {"uv": [12.5, 12, 13, 12.5], "texture": "#1"},
				"south": {"uv": [12.5, 12, 13, 12.5], "texture": "#1"},
				"west": {"uv": [12.5, 12, 13, 12.5], "texture": "#1"},
				"up": {"uv": [12.5, 12, 13, 12.5], "texture": "#1"},
				"down": {"uv": [12.5, 12, 13, 12.5], "texture": "#1"}
			}
		}
	],
	"display": {
		"thirdperson_righthand": {
			"rotation": [0, -90, -26],
			"translation": [-7.75, 3.75, 0]
		},
		"thirdperson_lefthand": {
			"rotation": [0, 90, 26],
			"translation": [7.75, 3.75, 0]
		},
		"firstperson_righthand": {
			"rotation": [0, -90, 0],
			"translation": [-7.25, 3, 2.5]
		},
		"head": {
			"translation": [0, 11, 5.5]
		},
		"fixed": {
			"translation": [0, 0, 31],
			"scale": [4, 4, 4]
		}
	},
	"groups": [
		{
			"name": "ron",
			"origin": [8, 8, 8],
			"color": 0,
			"children": [0, 1, 2, 3, 4, 5, 6, 7, 8, 9, 10, 11, 12, 13, 14, 15, 16, 17, 18, 19, 20, 21, 22]
		}
	]
}
